"","X","Y","Z","X_noisy","Y_noisy","Z_noisy"
"1",0.912481149207907,-0.405849247847983,-0.0516191859819891,1.19622242137246,-0.193338379874498,-0.273156582322569
"2",0.973029783546887,0.119976167195236,0.197024769092209,1.25101274480612,-0.111352081579577,-0.283538954975416
"3",0.596715618846474,-0.372648652275269,0.710678163574832,0.379021210445138,-0.149253348664968,1.11560334959066
"4",0.483857911631207,0.875114055282381,-0.00754397767181498,0.536540807899417,0.639861620829413,0.122273498494281
"5",0.7694695504325,0.172170749612894,-0.615039709234241,0.786818462276115,0.306908773138282,-0.629002192192746
"6",0.413644521527384,-0.252534122249449,-0.874714082949441,-0.00201769168309734,-0.298027721775783,-0.700609680419813
"7",0.576216521820354,0.194556375017214,0.793802454595231,0.778926516864662,0.417498273758494,0.807181374302535
"8",0.868587829740815,0.466910872485087,0.165980177073514,0.390501380729045,0.799212923793816,-0.161590697224754
"9",0.662509967001308,0.268193048938431,-0.699394761293673,0.350821609802547,0.242326517636812,-1.23016127581817
"10",0.720272398129456,-0.14901878601727,0.677496179994235,0.969811009393785,0.00474736666331108,0.625476532742322
"11",-0.0628108563470173,-0.0999947740557326,0.993003444851274,-0.198029042475583,-0.549937872889783,0.914806799971185
"12",0.783487717637474,0.208788493306717,0.585281437749339,0.729393769942412,0.143112207895965,0.32072251032903
"13",0.730623838595056,-0.321920370963914,0.602126300069247,0.325139515384562,-0.624455840183519,0.706432198960862
"14",0.0910996642833358,-0.995336494403432,-0.0317193013187508,-0.271641327066505,-0.944217181265715,-0.110582184872713
"15",0.704245099717925,0.658057377799711,0.266456989112049,0.79197253238988,0.654558851671734,0.472844272632546
"16",0.987620326765066,-0.0296550704528176,-0.154034629083537,0.94398359458226,-0.0884552804075391,0.168783380311007
"17",0.960398777292189,-0.0103879442056642,0.278435412961153,0.81254165973815,-0.0574676077651527,0.122159168482057
"18",0.782621093151223,0.571252708072965,-0.247334930962225,0.449114277927204,0.809073475283091,-0.466121619599535
"19",0.827869087518793,0.505994071048409,0.242080098303555,0.553544462220722,0.467490374555035,0.27791933400557
"20",0.645857788667257,0.270596568251799,-0.713894399801673,1.15488369100834,0.734157694439763,-0.357596991487232
"21",0.720224400474545,0.507592712923715,0.472891584560166,0.638602002130839,0.0315508743263431,0.039204228052566
"22",0.850286275244136,0.489672618352547,-0.192961076300932,1.04378757824951,0.579497543827662,-0.402312238056539
"23",0.829286376538847,0.0413433859264682,0.557292409895563,1.02553797670867,0.569977122478893,0.378354256048079
"24",0.237157387691443,-0.961546135013345,-0.138511384746054,0.427968907777917,-1.24548338172414,-0.0448061452353883
"25",0.915024376979358,0.402136813103782,0.0318806066484224,0.988726566870618,0.203072816657697,0.627712597140851
"26",0.430567438763458,-0.016152406924917,0.902413863162135,0.117478457720294,-0.115544769462605,0.78643562277168
"27",0.989975705596648,-0.103409099807523,0.0962011455514811,0.737599767404233,-0.0804780894211276,-0.0104239549781745
"28",0.391191421134074,-0.586454587439911,-0.709253331963825,0.579039219770557,-0.64612810597373,-1.13502713556338
"29",0.85273647802214,-0.282045489587363,-0.439648542422036,0.52564809987645,-0.39753608051221,-0.700022881429499
"30",0.956876715229658,0.274330299320641,-0.0955501895652138,1.08876173949557,0.755915451158042,0.0966335509378447
"31",0.430418103201635,0.551013284203335,0.714929798698978,0.2970332098073,0.581526987908991,0.528599704339888
"32",0.708465971599626,-0.0487248790084716,-0.704060972679929,0.608871968076217,0.2242877651181,-0.825678846556879
"33",0.965298179655106,0.25573915749081,-0.0528857984758675,0.767905817031398,-0.487325211371043,-0.141145659685534
"34",0.954184429207838,-0.0343122777125522,0.297245256741783,0.896649145140202,0.247809985028767,0.281670125642071
"35",0.276463311260583,-0.363024658618816,-0.889820844193665,0.495759521673533,-0.0350246263654088,-0.484917066803769
"36",0.837475790960502,-0.238315555445533,0.49177230054952,0.950909085345796,-0.358967548711793,0.803325152113619
"37",0.945749821593815,-0.255040435946535,-0.201275063004509,0.887633784662961,-0.31125518510999,0.300872425930307
"38",0.654752031627859,-0.0259575795149182,-0.755397895909777,0.872253412800429,0.390983748204924,-1.2190027741158
"39",0.682682166755073,0.616956443166875,-0.39154796185075,1.09668310029178,0.627261076246027,-0.50722655747312
"40",0.854529052083995,0.477805920283803,0.203670325983382,0.852936819855284,0.73734963167165,0.464446284315203
"41",0.955387356414665,-0.10543105979878,0.275897246874092,1.07300971969161,0.0414796735367818,0.199937866531141
"42",0.958098997567918,-0.163732039974316,-0.235027934393339,1.0276536598341,-0.203306934260724,-0.155507759383842
"43",0.841492104532434,0.42280640669122,-0.336341761413051,0.597016369277906,0.349785052968325,-0.498529013525756
"44",0.93157486114887,0.363336986369832,-0.0124303021344308,0.699928325612382,0.0083622455350279,-0.479656388016882
"45",0.570343448224024,-0.282662153955391,-0.771239559274049,1.05028606387932,-0.81724166025751,-1.07298870393541
"46",0.889508568829942,-0.454798428188451,0.0439647096592503,1.10982801577399,-0.460423454414101,0.518279224073387
"47",0.866205967174972,0.215244429181068,0.450951281334234,1.05172641015659,0.282687167587304,0.385554891467547
"48",0.815552125345581,0.459851112395732,-0.351299993271725,0.852445476357939,0.334108762637971,0.0956954357625867
"49",0.0994548823799375,-0.0074783920375914,0.9950139697629,0.220802023628005,0.150223455554337,1.2118390986573
"50",0.803354671321718,0.536288334697807,-0.258874668773574,0.841318681208213,0.654929636801945,-0.0832294342975249
"51",0.91215664619386,0.248477469497314,-0.325928212888329,0.922656334715678,0.163312704103205,0.0799548469989264
"52",0.907239129651331,-0.393088150829109,0.149662511362221,0.963094707637093,-0.380687760948573,-0.247877165949715
"53",0.715221290501052,0.165868777099252,0.678930080639832,0.462605018999999,0.489684574814275,0.52643227700919
"54",0.703415462471407,-0.661194244757353,0.260823422751657,1.30372098796421,-0.582538193517776,0.182503139317823
"55",0.293735297054955,0.417181511681873,-0.860046022939973,0.494225744622675,0.617574637607457,-1.09057846496159
"56",0.2156290616581,0.85230503564533,0.476529363189783,0.152827071919188,0.973819759703445,0.412409211200698
"57",0.0127098422187775,-0.0031820878617507,0.999914163429849,0.315932184926086,0.428208176300956,0.479200504121338
"58",0.656339897369273,-0.550063318316157,-0.516379981180826,0.499525375868054,-0.524455103128457,-0.870668476015125
"59",0.876861016178961,0.350839252288024,0.328673968180597,1.30465064304792,0.10337998355319,0.481369220606783
"60",0.938488830856764,-0.0849036425182524,0.334708956922634,0.839895442601074,-0.200013944767974,0.395089156401207
"61",-0.0231144799497116,0.68771777513952,0.725610076124776,-0.603487194062689,0.747133148132417,1.0516012817562
"62",0.999542913444597,-0.0262081965674613,0.0150696587674772,1.34057271229449,-0.0935575126101877,-0.0685624856949182
"63",0.799206987996992,0.396741298321173,-0.451513601725581,1.08226427117918,0.354352780907012,-0.5476485755977
"64",0.923807139709731,0.0172834588492971,0.382467842663314,0.730228059870054,0.183500702165949,0.27717578966799
"65",0.807995405787554,-0.437788397723883,0.394315537412059,0.455401664289157,-0.631676126525219,0.15472672918344
"66",0.737528048469378,0.0935150082467439,-0.668810377426638,0.278896153295217,-0.386300274510567,-0.606531300315909
"67",0.352079716625346,-0.921383803441274,0.164595746898601,0.284826332142739,-0.41655066853293,-0.130124095599867
"68",0.554623581199568,0.8252424507834,0.106618856692304,0.0961414368796516,0.934045079500653,0.230517177478736
"69",0.909097202207848,0.0934003588641652,0.405978632321835,0.705480197514104,0.355942566902878,0.361552555790276
"70",0.0981989679750108,0.818600208146692,-0.565906937500182,0.139091998569667,0.740571497984092,-0.372223453570285
"71",0.748033054171755,0.245951447318406,0.616404441441216,0.961912859684356,0.269355851644542,0.92839103556448
"72",0.750248940005499,-0.385147181344105,-0.537390153169292,0.545258158285565,-0.923444118990748,-0.641444342543656
"73",0.788132730136973,0.340669107971627,-0.512631796283314,0.757232040143054,0.430167375728249,-0.620061280201824
"74",0.772261078837712,-0.5560259636136,0.307323858331859,0.835998137848071,-0.439059760781231,0.295692552167017
"75",0.564670070822123,-0.626787066882768,-0.536922418889578,0.994401655381453,-0.853459275601853,-0.701570304038237
"76",0.775541592735628,0.152935224838022,-0.612491677446175,0.535905710853848,0.0205977459563346,-0.211845658254427
"77",0.886619584101308,-0.270518108975414,-0.375134197060719,0.485542018661188,0.0653760702383729,-0.391052209249404
"78",0.216381024606888,0.000159781640802977,-0.976308981142702,-0.245021330820813,0.117518295796673,-0.759102072614118
"79",0.256620446308676,0.0127551620175977,0.966428089605347,0.395554742631118,-0.0505211099200083,1.06102195973672
"80",0.657644503272032,-0.273275360235886,0.702014447717444,0.64261470543444,-0.18099943140378,1.05593648989305
"81",0.562937159128415,-0.224777406473581,0.795347013831975,0.755958735226697,-0.561454204086275,0.743090324687278
"82",0.989683277959549,-0.089617787836997,-0.111783994518197,0.954473431170211,0.203366068568153,-0.781295142605603
"83",0.345981942702746,0.347104461120269,-0.871673670816115,0.444255424081311,-0.130079625111305,-0.719378553077068
"84",0.228402282877191,-0.370052843773756,-0.900496135467246,0.284456926417053,-0.621150546429754,-1.15890617976284
"85",0.873670789749609,0.366074704706921,-0.32045071651041,0.879556286041755,0.535246583121698,-0.196102842406049
"86",0.812097364673302,0.18367102612731,-0.553861737667461,0.656356699732105,0.471751462181565,-0.797334821800712
"87",0.754682502733542,0.648934920732808,0.0966322343803585,1.07018484789014,0.215744941341982,0.0730142574218318
"88",0.931748679630256,-0.191989910070937,-0.308195185618187,0.830305168936313,-0.0416626959244212,-0.44668935910684
"89",0.939138129101771,0.236992345381508,-0.248705051612944,1.10582907196239,0.322404923900133,-0.310144945564739
"90",0.859650100600738,0.155040269221638,0.486789707632386,0.900809889233269,0.146220016955208,0.323093305430597
"91",0.917147451951543,-0.347762630342197,0.194683600532426,1.36252857064833,-0.50430388529113,-0.0512677101460674
"92",0.688926586634958,0.719227096429093,0.0899585570675847,0.866730077715928,0.505234293992572,0.139060422235616
"93",0.426358408364355,0.417752894115167,-0.802309807415699,0.341935619398762,0.455697354608615,-1.10644138547431
"94",0.68682441341665,0.346963726523056,0.638661410774213,0.684537175349812,0.648556899984589,0.567400694669375
"95",0.0770646208706006,0.137541724590181,0.987493452234914,0.0457373187672422,-0.234602746210486,0.912406936031187
"96",0.811222852427911,0.317535675439015,-0.491007717375413,0.288511328184836,0.0549421446718246,-0.650662842529813
"97",0.562473404397028,-0.643940211780322,0.518618041527994,0.986821878102199,-0.234471682553175,0.954330015545302
"98",0.888472002749728,-0.357928707751376,0.287236036209452,1.15444229137161,-0.659762253052195,-0.180114112704153
"99",0.562509266373712,-0.600556117225966,-0.568256698426143,0.370855107317394,-1.25709488837666,-0.560460575451372
"100",0.82956573487358,-0.271464719483598,0.487983193972239,0.925067624666175,-0.267098902945843,0.185704661583186
"101",0.891686802482775,-0.392264890188522,0.225882496452095,0.952160778384522,-0.306216383346456,-0.109380240532343
"102",0.536980535880926,0.0151121459069212,-0.843459262283083,0.25379068311782,0.0182921052399526,-0.854886068891149
"103",0.76991162870028,-0.536432794180828,-0.345652920310868,1.14238848211359,-0.754795327478069,0.201344858612911
"104",0.929910037207576,0.0985375834655414,-0.354341173652421,0.867848260965335,0.184237654550846,0.00118277522898913
"105",0.902127785477559,-0.421725184433061,0.0911774505250922,0.948023712463422,-0.466072123003681,0.136989205894214
"106",0.275844126766395,0.670749248240557,0.688480547084093,0.377061879126331,0.901107561888209,0.525247337488853
"107",0.479682037926488,0.248993112770093,0.841372433755558,0.231150920599132,0.324229213322479,1.35201226278161
"108",0.811647202249299,0.564910092290767,0.148678871091095,0.540289869857482,0.738256780468217,0.090056072381001
"109",0.223855109606822,0.058748957751825,-0.972850168250996,0.211719470974391,0.140116934321519,-1.19570635989757
"110",0.427550552315664,0.891865624279763,-0.147567724935499,0.571571952443715,0.993878379961982,-0.486935301315978
"111",0.905673703725293,-0.409567506413108,-0.109588320869785,0.924131336686446,-0.219606942440355,-0.255595317883413
"112",0.929393455515743,-0.296072007373773,-0.220384144833905,1.1058798483413,-0.867860387486377,0.196639634406904
"113",0.557141425686212,0.790455555681178,0.254506279445313,0.640886451534051,0.919915121078292,0.525942118407906
"114",0.539005358534341,-0.250269314650062,0.8042627018679,0.675352310015495,-0.587078379221584,0.943644784022576
"115",-0.212972000397393,0.029695397378015,-0.97660693752466,-0.56369847688271,0.120485362095097,-1.3858151421897
"116",0.927338878793329,-0.249090927086988,0.279278201657912,1.0966023515293,0.0795972140775796,0.211393694249883
"117",0.957859144558122,-0.207939025592248,0.198159584229807,0.760409033022395,-0.320015503319196,0.471109222707082
"118",0.358485340070214,-0.0676290789509192,0.931082471446538,0.24205311771169,-0.269670196015732,0.85264415639328
"119",0.933042342977478,0.319737358375287,0.164924248885031,0.906829326668781,0.298170233615392,-0.00558172541562038
"120",0.979470367585357,-0.116578958746335,0.164460163564996,0.567507595759023,0.279777109383874,0.177480335186742
"121",0.9297081673093,-0.326785092819017,0.169865319443518,0.904823929316461,-0.301520730772345,-0.00745879751637843
"122",0.22965933166484,0.287756628381349,0.929759492665634,0.119694922454039,0.324947181294592,0.841082414079053
"123",0.365789523586263,-0.0527977714549044,-0.929198805296224,0.186161660601647,-0.189406438490914,-0.330440469847197
"124",0.379876981081924,-0.0457869090258383,-0.923903154127067,0.241227581998196,-0.177705805841867,-0.786150669921402
"125",0.893742265094099,-0.0599095788177396,-0.444562263299924,1.20511455928196,-0.0948774686907518,-0.132365789509445
"126",0.659126179569429,0.339883148420745,0.670844337254038,0.344395841829153,-0.0574697051917166,0.683211875365481
"127",0.887154150627759,-0.0436338775883063,-0.45940570060737,0.833308030270753,0.264892163833612,-0.573292904424978
"128",0.986163404088847,-0.0247987578225709,0.163910835658766,0.368172976558983,-0.108662469905597,0.328383186165613
"129",0.877677252472965,-0.429806914783782,0.212010982016391,0.709134922446447,-0.93005754148625,-0.159355871079895
"130",0.59916153107232,-0.131864253081935,-0.789694420926358,0.473837234714841,-0.136228853766527,-0.422398283688515
"131",0.681463120213431,0.0274027690392955,0.731339253724258,1.06704456720144,-0.0328389549216081,0.675898962198215
"132",0.870266531357763,-0.361200569645166,0.334918367496521,0.629762015048574,-0.809197919375797,-0.420657435917325
"133",0.82796945052364,0.306993324897677,0.469277836114013,0.609924566413289,0.819416202704429,0.25200395121751
"134",0.528118392642741,-0.849068229422649,-0.0131948905844641,0.17871098816665,-1.12837263230037,-0.116667779318153
"135",0.486538255457031,0.10105744981566,0.867794859291978,0.531489547161132,-0.237329936388749,1.36509942553091
"136",0.461761615873193,-0.762747268590302,0.452761321630075,0.750284612820027,-0.649921690832572,0.43301387975238
"137",0.869904262419469,-0.177304198542927,-0.460249709835314,0.570270859897847,0.0810026576696976,-0.831206946541971
"138",0.893415022593521,-0.329077351356352,-0.305806628817144,0.786983922225016,-0.378048775134824,-0.377524391645632
"139",0.72139669227069,-0.335776289852974,0.605674083607247,1.06297384448257,-0.278948693157787,0.380418141353037
"140",0.930352919419995,-0.0353795075200097,-0.364954429722854,0.75927857075533,-0.310929445016882,-0.758458707821854
"141",-0.0156253786152223,0.0519982403059084,0.998524927354455,0.155752673478847,0.290817582441246,0.831446194473562
"142",0.68846950544338,0.689316926935451,0.225503690246554,0.785845391146814,0.767524538413578,-0.238537438273011
"143",0.393345362786032,-0.796887740864498,-0.458529556336995,0.0669963818347061,-0.771636312564715,0.212451173169985
"144",0.861610322464569,-0.275674704357506,0.426182014636826,1.16583232523985,-0.0886458507849469,0.495743698533636
"145",0.734540158787316,-0.678129393209229,0.0243162742702924,0.933333663355393,-0.428389169510826,0.180583678440851
"146",0.425291740978013,-0.233212609923676,0.874493461169652,0.303241113621563,-0.416341437176966,0.586635335648319
"147",0.14814408235949,0.830751074493801,-0.53656871236521,-0.0778542812980502,0.950974884521498,-0.212651885508925
"148",0.328415654581786,0.00381672152431128,0.944525590157526,0.230811050060055,-0.243545855540028,1.07505770850483
"149",0.637757513438214,-0.739757289285217,0.214533230531996,0.841273367224567,-0.182367527198779,-0.0201233945721005
"150",0.450525436110269,-0.876488011092725,0.169692656966559,0.309463116064411,-0.762303861195507,0.142758191398147
"151",0.954324799386272,0.295987742029234,-0.0406870230514326,0.485773469693942,0.287033881133069,-0.14059490013678
"152",0.852390360872908,-0.0105691974471591,0.522799162926143,0.816664183142633,-0.133179874052099,0.844474503608096
"153",0.33376227822674,-0.0720063418362221,-0.939903095200916,0.526738280662325,-0.127147994631426,-0.980815370118642
"154",0.469648211902985,-0.335894658160049,0.816459022655683,0.179868729361099,-0.611196998356296,1.08776648188254
"155",0.537753836203148,-0.825998139565793,-0.168961194014032,0.478274954285564,-0.81013052172653,0.0134967923046091
"156",-0.288424140118,0.252090782111613,0.92372168588355,-0.593972471623563,0.397972265383398,0.848927787392861
"157",0.78501987075949,0.619468480170052,-0.00161387377433838,0.814221423990899,0.491128768621362,-0.0140935272425418
"158",0.862569899037904,-0.380075130565929,-0.333940210814798,0.829444992034524,-0.583213161047826,-0.549542787220865
"159",0.450697019479674,-0.597893619538067,0.662869079342074,0.442275825470265,-1.00522359591671,0.538369554604417
"160",0.282044532103252,0.845368895299629,-0.453654397940264,0.126462927546384,0.987595321927572,-0.802633952209358
"161",0.936576137265304,0.273364208420397,-0.219310621402366,0.759235271877072,0.356810035096636,-0.325404923679385
"162",0.78465200224764,-0.126165875338023,-0.606962443046488,1.00251335584983,-0.178996515180259,-0.698184275661343
"163",0.642742648369834,0.54924129476253,0.534056072050596,0.669027153129126,0.41146681216272,0.479535897491823
"164",0.661340743219217,0.444888042749347,0.603906491749268,0.614606926325753,0.509478324984631,1.22874443872412
"165",0.345855435110641,-0.151836657426962,0.925920972581266,-0.457441697994567,-0.49563926902971,0.962214445039902
"166",0.0946246213068798,0.972291904077385,0.21376303307191,-0.224280054484082,0.60410336680171,-0.155687827739565
"167",0.616937579860668,-0.106136616733981,0.779822442062246,0.807664159332263,-0.467439034945447,1.01213331376142
"168",0.520101994154982,-0.729812397269105,-0.443697848167346,0.41839820829428,-0.820134503424398,-0.515703011983438
"169",0.994222493464465,-0.0962070307126539,-0.047600848004599,0.692143047494312,0.101470460470004,0.30474226602377
"170",0.106695102343539,0.0148883060574951,-0.99418031235719,-0.00313556187604869,0.193552767638492,-0.980738312052158
"171",0.0207174540268879,0.715237334171083,0.698574507770278,-0.0731777324588564,0.57394895484658,1.10026645235866
"172",0.702496334690571,0.049735979880844,-0.709947344562684,0.577135735903894,0.404239555738125,-0.714254125460774
"173",0.895177180879691,0.282114604315913,0.345064001112785,1.01933032482438,-0.00432459093158694,0.209404238472894
"174",0.561995410344585,-0.0289919352109999,0.826632098605143,0.942215644901818,-0.152196390949095,1.32130526354017
"175",0.904637835159146,-0.205268208686325,-0.373490762538085,1.15166079211199,-0.388531277100322,-0.71501892384595
"176",0.575358970901242,-0.0133499331450154,0.8177920480712,0.88688960439401,0.0264580869436171,0.924016138438781
"177",0.658638144745133,0.38253549177574,0.647967894126386,0.576171312870512,-0.0552627480291296,0.403890638756409
"178",0.161833008112848,0.867482651800501,0.470408254934283,0.372919186610084,1.16369036856361,0.768651175904954
"179",0.765900736562293,0.62743556717745,-0.140430305753598,0.520631797750714,0.929193467432641,-0.0301903981924863
"180",0.543325117216821,0.567252546261897,0.618888007446195,0.508519765937456,0.811664877894523,0.511613617573723
"181",0.511452080452353,-0.550975651768548,-0.659425962909548,1.05781155707073,-0.571473587779346,-0.75384202943491
"182",0.550997044493132,0.42524278024809,0.718032614027182,0.54779004202348,0.714308635897563,0.940207628468264
"183",0.978885042056022,0.144861752174909,-0.144219094421634,0.902557810563349,0.266560836363037,-0.410470622207747
"184",0.554320659048441,-0.82681265478189,-0.0954433907854581,0.408267293885365,-0.587100489083124,-0.289761190121632
"185",0.711676223670819,0.258224870259888,0.653327535804903,0.904493349138984,0.302672963057083,0.75529319433088
"186",0.9538939931098,-0.101546786294746,0.282443799900529,1.48044133355025,-0.0284840660362312,0.470011718270902
"187",0.505548136907314,0.75117228931108,0.424454088260079,0.608587396119074,0.222837118147739,-0.00429670488358236
"188",0.698847284110327,-0.392540148505035,-0.597933696410619,0.633531064586837,-0.527052126210307,-0.549870024693641
"189",0.485856614715607,-0.143612107477974,-0.862159447273429,1.00430252621653,0.109894288710319,-1.15259275675118
"190",0.625531564984947,-0.445331861884355,0.640616729408541,0.430824009124711,-0.420014451515892,0.480159563291001
"191",0.807226155026201,-0.0959541482330804,-0.582390535704763,1.09010928334643,-0.400630991120101,-0.254280738860897
"192",0.962928869677835,0.265009125458233,0.0503801088211325,0.857592587656922,0.0254149272604441,0.300765132423133
"193",0.224082781828082,-0.119190090328506,0.967254169934496,-0.031354060676851,-0.258139461480001,0.918872209927956
"194",0.743944851119561,0.460970626528913,0.483789354957543,1.04852119580626,0.991439604439734,0.250495149993143
"195",0.659066169724947,-0.688251197659168,-0.303219512638631,0.209126001001099,-0.733148694549406,-0.225637151374356
"196",0.761185291153787,-0.641271672707744,-0.0967863333004045,0.684122806566107,-0.802455524768429,0.299044095096235
"197",-0.0347012499204082,-0.0498582709607517,0.998153282853273,-0.0308224390832242,-0.573004213899886,1.22469057657241
"198",0.720662345461448,-0.581145528468181,-0.378041874103177,0.610082915794716,-1.0566132378929,-0.277756166364053
"199",0.871681040299496,0.246149297761796,-0.42377197547002,0.462179107079198,0.551711866842194,-0.404847615087821
"200",0.947814667034301,-0.24664304832936,0.202026145994665,0.787464377988589,-0.4594481586744,0.466898438025293
"201",0.857254382551189,0.240485258467646,0.455282070870938,0.467995446438525,0.64578597920704,0.684516580198719
"202",0.107481036844516,0.226801821968692,-0.967992128206893,0.588271950085236,0.144526121477562,-0.765673858970931
"203",0.488061891336073,0.870738263900533,0.0600871534101975,0.0238544842361089,0.289135882040506,-0.117818416259171
"204",0.975622353691484,-0.219256328425804,0.00936404948322099,0.449092744792727,0.328993171458322,-0.663032245275912
"205",0.0322786237645109,-0.730620068597393,0.682020825056398,0.206690755500598,-1.00124006269663,0.540259068705738
"206",-0.0608287700271462,0.620244751605725,0.782046231908663,0.166032331904936,0.493654509765709,1.10684594004822
"207",0.474143322442313,0.226488201028018,0.850817962068536,0.425146272721307,0.250467940236277,0.803245075929831
"208",0.898403579296942,0.339836857260617,0.278176057836885,0.846698457308042,0.309795542775226,0.118663974414191
"209",0.614382664430532,-0.0054998021258602,-0.788989032765232,0.795643457049307,-0.385166709544501,-1.29783500317168
"210",0.366311772534939,0.129898111933758,-0.921380575993631,0.71599151139289,-0.24774815377698,-1.0724736648554
"211",0.496519926940836,-0.0547434769066692,-0.866297358813263,0.0988811395840294,0.294157755150905,-1.06833783108235
"212",0.622244932380906,0.179632699735897,-0.761933945504382,0.948369201540837,0.00252721371590639,-0.913628740126509
"213",0.95234165475651,-0.260887808928331,0.158059873997823,1.00134458818092,-0.0539032206508327,0.179787079124168
"214",0.41679923643591,-0.542133843979735,0.729636410630801,0.331963375064486,-0.115194884676342,0.671062153281502
"215",0.771170695163095,0.598413753104397,0.217248104749337,1.08745673019904,0.403622113886504,0.532879828668968
"216",-0.0215299885814517,-0.0346840195220269,0.999166391739373,0.213413432686909,-0.211408786690023,0.608216868822671
"217",0.957377379603673,-0.200310749522778,0.2080965080169,1.27686550108773,-0.698536377151618,-0.16527137267897
"218",0.298375265127203,-0.331045424928034,-0.895198931966794,0.225585229218502,0.143923708299698,-1.16948263745475
"219",0.905884825796518,0.414413967458229,-0.0873713108928929,1.09992793821691,0.225362233490063,-0.0946479978638951
"220",0.743436996320239,-0.0222114439760073,-0.668437045845637,0.817368404623038,-0.116700388907063,-0.125015815954564
"221",0.380038060115444,-0.867443658442274,-0.321111463968469,0.250738171420089,-1.20843235881371,0.0213352982154797
"222",0.86764490239095,0.00123568591723636,0.497182860158426,1.30695315847587,0.186725225744139,0.402587694786307
"223",0.360454323432228,-0.161431998663156,-0.918701469753169,0.400886028146008,0.2413120003403,-1.11338768883485
"224",0.972834003510412,-0.22550890568856,0.0523424786292408,0.959162909550879,-0.168662043964727,0.368363810923318
"225",0.569304785498578,-0.554965959266357,0.606551601484977,0.701547685665786,-0.655094877745698,0.683554880745417
"226",0.357682664592529,0.932650276833063,-0.0471865719585517,0.455116294906432,0.515255176922297,-0.1518119943394
"227",0.515180499402381,-0.115860078919695,0.849214634322934,0.338737645691495,0.25681519540583,0.839803901928853
"228",0.400499257108181,-0.736189911346056,-0.545549960579306,0.387204638335072,-0.563318053046456,-0.248725318985529
"229",0.93620424803622,0.124048839442431,-0.328836572467118,1.58781537023263,0.113804470276232,-0.355250995928344
"230",0.957059684003971,0.170019680479856,0.234797933346413,0.938911407808154,0.47110589364946,0.285408346421212
"231",0.749134413399397,-0.579702812021493,0.320534366948561,0.675066440541816,-0.255074071128908,0.515636485517929
"232",-0.284927415720742,-0.758955743152483,-0.585493422428094,-0.101344831705243,-0.874509998342462,-0.721029017311276
"233",0.690150924416029,-0.314741931682915,0.651635801631715,0.790521111025177,-0.621185368638461,0.145002765007968
"234",0.734876085044858,0.294478805969953,0.610933198036948,0.600300816034927,0.535295494496393,0.605515199616751
"235",0.959341279599361,-0.038296091478415,-0.279638549978604,0.688660576870094,0.135006715511805,0.025932101506472
"236",0.952839376340225,-0.0625846330256947,0.296951657016104,1.16478972821626,-0.187932924507229,0.253531249044958
"237",0.758502751161478,0.298264420317728,-0.579406517095725,0.78821400491318,1.08675727456366,-0.413403219163911
"238",0.695818018806068,-0.705927928752276,0.132299070716009,0.816379824500107,-1.34320465250651,-0.00466047876218945
"239",0.518862218184691,0.466866847231011,-0.716112662572754,0.44603101700366,0.464832326023739,-0.94547316393324
"240",0.945696438235008,-0.00337621048389441,-0.325033610434963,0.532668870365691,0.28131894975893,-0.2157571721767
"241",0.0631034906879467,0.0322544867983623,0.997485637763457,0.0803771402569177,0.402841103784965,0.901243497375563
"242",0.483844243135229,0.400012020036146,0.778386235882611,1.08148841812569,0.643973272277104,0.988980061827151
"243",0.647459225869027,0.0973873685647423,-0.755852003556989,0.282016304293769,0.134474941885547,-0.517597927292894
"244",0.745500218475635,-0.495940788205405,-0.445277619970938,0.499298645288702,-0.298713598878474,-0.547935573909286
"245",0.569374059137055,0.559795185782483,0.602032001438918,0.235360623011316,0.699190490709409,0.627234070629718
"246",0.144662896309543,-0.605304312387205,0.782738357202959,0.0533799933762798,-0.612152910647931,1.01292728049897
"247",0.720409290723043,-0.274414401979569,-0.636951481532242,1.06577285271796,-0.493683141679629,-0.272052677809313
"248",0.844058145192517,-0.145583672890438,0.516111656254631,0.805728831253973,0.158477194791663,0.416901022713077
"249",0.356756663241857,-0.0397550161549351,-0.933351071099753,0.292863754681881,-0.127567469223666,-1.0541220282941
"250",0.293289075043087,0.23800611834481,-0.925923650249202,-0.028867700856182,0.164407839001425,-1.00497843332821
"251",0.561478734890094,0.0512375767533366,0.82590334845832,0.577795339140266,0.114522029118077,1.12840433541468
"252",0.813568574870903,0.226920767101828,0.535362624246824,1.07240018022613,0.229795263558441,0.347117462256404
"253",0.670170119475622,-0.0312073560391316,0.741551152578889,1.23522406744068,-0.525153346595398,0.579234341672127
"254",0.889953283241259,-0.148602524709272,-0.431161736820574,1.2186273520701,-0.255184205674664,-0.494722850140486
"255",0.581705432064877,0.291589805996308,0.759337984921899,0.364199595643111,0.444665446023848,0.435245595477055
"256",0.15120219068978,0.14536980052559,0.977755347019776,0.0254196818435063,0.453073327734516,0.871591074340913
"257",-0.0075609470832208,-0.218529273228948,-0.975801101055555,0.144302941730747,-0.536231225236368,-1.07559003321049
"258",0.725968641198383,0.292166428673906,-0.622581970468556,0.723458287134739,0.129527512798007,-0.607613243212432
"259",0.828031950943804,0.21172553788174,-0.519167973612477,0.896864525848495,-0.399066021414601,-0.348998507522525
"260",0.867016876498722,-0.253166709266791,0.429171705946961,0.538942180655884,-0.00402956063717436,0.821527146161382
"261",0.80485810715775,0.593419439489193,0.00753632395636449,0.698225640321863,0.594697821591443,0.21036357942811
"262",0.884751887145263,-0.235390365602603,-0.402250511465639,0.653150825225288,-0.0376341746431693,-0.720067492818508
"263",0.643728088423071,-0.123765842510441,0.755179557723102,0.411588607270261,-0.264563726708227,1.13134852881709
"264",0.837498068181151,0.540112706586959,0.0829171271580867,0.657772917625625,0.593569257261683,0.284663902417602
"265",0.406769953216284,0.90598994675645,-0.117134203103393,0.303072310836755,1.15026061278201,-0.100989957902746
"266",0.418976293347392,0.0764181531514352,-0.904775735462553,0.417559320062259,0.01787787749248,-0.568762307829207
"267",0.873462462900242,-0.253097165214196,-0.415938878760788,1.03182469277395,-0.0409320267255039,-0.280464435789678
"268",0.458985910568153,-0.467309529357239,-0.755614807737275,0.331690717154163,-0.303816806715902,-0.794131067953867
"269",0.971349439373273,-0.218381388915829,-0.0937541231329107,0.757097284541091,-0.616023895484298,-0.239337036069907
"270",0.595885096156014,-0.432509789053332,0.676650747839814,0.999926990359229,-0.355154005824854,0.898297906134323
"271",0.959822838310187,-0.167705410913537,0.224977808257832,1.20828944001977,-0.789200958384938,-0.327811433726929
"272",0.427465029721226,0.11530186128784,0.896648832681441,0.601676494572677,0.0456920844638122,0.857926762407981
"273",0.685355428587227,-0.438402972351368,-0.581455733774725,1.11034809682858,-0.576511412184754,-0.863234096140707
"274",-0.115537501262856,0.572988145750899,-0.811378869968205,-0.359972987578525,0.791998663948467,-1.3164081289674
"275",0.993700747804252,0.103943272899727,0.0418881824881851,1.50590514329409,0.1773141965101,0.0975449333385455
"276",0.577408666734846,0.54336443804436,0.60938847958279,0.88402099777499,0.394058926326386,0.577412699053146
"277",0.0310587917048331,-0.747012762164804,-0.664083793373055,0.107814544699232,-0.786313662991692,-1.17009507806644
"278",0.876148485943152,0.472996284527524,-0.0929426995663488,1.03223173192482,0.519042549597115,-0.162862419362158
"279",0.61656616662394,-0.74479685173996,0.255193675103642,0.631901527236696,-0.998054855314658,0.360351340098798
"280",0.597507917115189,0.42159964020301,-0.682083596317461,0.569801469257952,0.251638789018053,-0.521362362097996
"281",0.84317912406042,0.229702227301408,0.4860924310473,0.449120734043095,-0.0809711763235311,0.559687776720865
"282",0.693103781833288,-0.193500850773709,-0.694380708515325,0.878751243287951,-0.577255534893531,-0.514595275402711
"283",0.535826782346378,0.654365818735253,0.533568209876928,1.07140763187279,0.523230815457651,0.581694384706506
"284",0.861936407875201,-0.436161252943094,-0.258513036828523,1.38437964704349,-0.440793099307637,-0.166653127839418
"285",0.766378275095793,-0.313123975642063,-0.560907938381429,0.808826856877674,-0.705160768431805,-0.589257668807192
"286",0.492599648689231,-0.389273685714696,0.778338990235837,0.465630201458967,-0.272310767165848,0.51919058635011
"287",0.870302346027784,-0.41651959546084,-0.2628407371312,0.915800969672614,-0.583476811456203,-0.199692946256285
"288",0.80494354956682,0.588658791478923,0.0744762326204903,1.09142559414789,0.666429381375804,0.305112588268238
"289",0.86232002697201,0.257077088090207,-0.436251695540605,1.23164473262261,0.292714839132343,0.132482290849201
"290",0.676740635071789,0.537798012360493,0.502787639808035,0.778726673205294,0.44428933217779,0.392427972755836
"291",0.964600029975488,-0.257242484110157,0.0580782794177211,1.243169713779,-0.743474078119097,0.0610162875840945
"292",0.584123941557775,0.150043362957138,-0.797675504281987,0.577354980559386,-0.249376965560459,-1.32942377409954
"293",0.980482303576599,0.16136372818234,-0.112321857179368,1.10491285441342,-0.47380073706245,-0.310350498654481
"294",0.493971494223088,-0.694875686463637,-0.52262792047182,0.790381497631805,-0.354363874078396,-0.200423399619877
"295",0.369387742473764,0.917569607759905,0.147033025628494,1.27928114915884,0.827403106921947,0.0834488935299959
"296",0.76960454827703,0.0693103496077336,0.634747914300285,0.756103899378515,0.553409677323755,0.776969348207434
"297",0.872009426097182,0.489434661758541,0.00729881270931084,0.704972596875528,0.125463712375676,0.174161395253753
"298",0.548956565957336,0.407083228840911,0.730020502101679,0.66040855531117,0.777559655915231,0.492614429145813
"299",-0.162707955885878,0.00549841137580653,0.986658952507796,-0.264164267476822,0.274528320387781,0.990536120600051
"300",0.695419895494439,-0.144083887580412,-0.704010654955036,0.854240681624832,-0.333455987921906,-0.64587755398582
"301",0.618414349012777,0.420376697946437,0.663963195334465,0.703726448796411,0.598898084054544,0.586040905219603
"302",0.262978298349426,-0.221343856130132,0.939068321236897,0.592020089109345,-0.0759976988219081,0.990505585651386
"303",0.197636436271347,0.761760845566562,-0.616976703952166,-0.0423076846439946,0.725079869960053,-0.780473435159139
"304",0.967308151066599,-0.253480075685616,0.0079241473062617,0.665914348221393,0.123265368677206,-0.280390279524369
"305",0.413539855673827,0.822752561812993,0.389952573782283,0.805433120227488,0.752869401001699,0.521825303527904
"306",0.527914051933363,0.840976397214143,0.118597862965649,0.58423550188113,1.34791108053882,0.467077640318221
"307",0.95830705948766,0.0531686508351922,0.280750199117437,0.727704395127507,-0.245766398122119,0.32615783814359
"308",0.730626032970798,0.290915539024253,-0.617700371620078,0.46218293037025,0.6189950119427,-0.635025752492205
"309",0.685016690589593,-0.559002824914382,-0.467191583134182,0.546927119198994,-0.690004703107161,-0.540807929767318
"310",0.395917236148298,0.0867836018957637,0.914176213080766,0.543532586432544,0.175345979181089,1.26768379690644
"311",0.745387829780163,0.624249820608627,-0.233899860379856,0.613568977098934,0.606331198688004,0.0410995720696031
"312",0.882483719568674,0.0584962598966139,-0.46669119583976,1.21794526050964,0.0252101833253568,-0.115588385388816
"313",0.860800797670125,-0.269472789048758,-0.43174807781015,0.921761954791774,-0.291492135141084,-0.275965008308752
"314",-0.0441396511928157,0.0206773636301333,0.998811362483369,0.00483054615576255,0.250124596457793,1.06729708666532
"315",0.987380442756297,-0.023699582089827,0.156582856887802,0.983500510599739,-0.015839765997389,0.281494305108437
"316",0.185695457940024,0.160987986129498,-0.96932969892726,0.111301125902079,0.500720631661464,-0.903494328048747
"317",0.816999048767938,-0.273756753636913,-0.507513343815178,0.775079262002579,-0.245383042362112,-0.807542913179777
"318",0.414529852827136,-0.0335839790657522,0.909415811092607,0.703649497811266,0.00999265751926939,1.44736129659757
"319",0.287759205026251,-0.337338296003644,0.896324446822699,-0.0469317972780779,-0.350708397174858,0.60995704648945
"320",0.895512888679485,0.306959901607632,-0.322230173965688,1.16720508249403,0.200770393096844,-0.0841537503580129
"321",0.63762854634288,0.761557781070309,0.116015442851084,0.549957497168065,0.813535669095288,-0.192965565158303
"322",0.432603908675397,0.673880136798595,-0.598948594978797,0.616284719813122,0.922110866245875,-0.822410183992337
"323",0.839082258509159,0.507841981514187,-0.195032010877479,0.824478637563221,0.711306453627015,-0.372259756745304
"324",0.315706701673938,-0.947314146179996,-0.0540849976003448,-0.0207465243892498,-0.698312750221618,-0.353499264506172
"325",0.941467386577624,0.314102752672906,-0.122387175692565,1.02819370389708,0.747288820402825,-0.139909761274069
"326",0.948053299941554,0.298177591342026,-0.110838010138209,0.7884521381955,0.387438099949956,-0.323145367590161
"327",0.643024140818514,-0.154695184924238,0.750059567025091,0.924122229448184,-0.115763601278701,0.789275406682697
"328",0.0012158906163795,0.000139085816106166,-0.999999251132292,-0.205717367087343,0.388336249881722,-0.495645473924338
"329",0.492006738503172,-0.320393725356976,0.80949195797077,0.0450617041243085,-0.336411129818357,0.99389011298783
"330",0.898748343497884,0.438318408488153,0.0113308358130974,0.685245842856817,0.186263718947232,-0.411566470177332
"331",0.912386093509029,-0.20260883565218,0.355670178799124,0.769380412919941,-0.425832716566441,0.475099326798987
"332",0.179666096532455,-0.311927636498727,-0.932963688117125,-0.0268165731448338,-0.475556291803764,-0.914293059772151
"333",0.756884703983212,-0.189619940444774,-0.625435706577395,0.697488680471598,-0.548065647575075,-0.139827871481771
"334",0.569630071089941,0.735037993968946,0.367750906908708,0.420798447063013,1.08958408226851,0.494037752675818
"335",0.96600056643739,-0.21938217088663,-0.136800470539071,0.863315017747489,-0.367853587209962,-0.201415864827128
"336",0.628304188586753,0.334735971415803,-0.702271796418353,0.710302048188917,0.614478920926349,-1.01788968232413
"337",0.0619102524495594,0.0453642161960305,-0.997050253763847,-0.229001400472866,0.641384607018813,-0.985352844233769
"338",0.979677623218931,0.00287883236809639,-0.200557889120081,1.16972203947453,-0.0979427911706012,0.0969348022238866
"339",0.745977608263146,-0.17889495682322,0.641493571591497,0.745338649250548,-0.0863678172122838,0.417985780435875
"340",0.742737400626412,-0.274375259284891,0.61078586329668,0.733180457897662,-0.418198512718494,0.419463036746033
"341",0.201468210927606,0.108519052053507,-0.97346503549282,-0.3075911440674,0.838326253840879,-0.727333777269796
"342",0.141349994386951,-0.121602501459673,0.982462727397614,0.0660427245278109,-0.391331198840143,1.21165568848937
"343",-0.447287416173496,-0.0742407548681702,-0.891303695521028,-0.586198942281364,0.22038207745195,-0.963689859287209
"344",0.966437070864532,-0.189273931529084,0.173708856718092,1.17826092479336,0.0281267617656744,0.0518311796132917
"345",0.0550725985699696,-0.952689056194861,0.298915658829203,0.402777726330618,-0.719897478745234,0.230957501602403
"346",0.585576879295006,-0.803779416538957,-0.105063637779282,0.89338843310746,-0.547609109639201,0.17149074715957
"347",0.664494654228759,0.466353435672162,-0.583918939184347,0.386160288690721,0.619597199698404,-0.569263126897473
"348",0.971619406522765,-0.124837016900897,-0.200926474312461,0.772605933356873,0.027210503468683,-0.136262420705329
"349",0.224261011181682,0.133403787108321,0.965355078947082,0.201881041895003,-0.0898191404516125,1.37320647471512
"350",0.296473487172251,0.925933217765697,-0.233989631483934,0.0315592652068871,1.03894211934497,-0.0166474823541695
"351",0.528322848824048,0.795632567936776,-0.29638452093315,0.127244800329031,0.701954491181341,0.00787658335644004
"352",0.81348119300712,0.395414540927165,-0.426492308778332,1.01131885951343,1.10546082718664,0.00360701675798586
"353",0.747125509313732,0.193825928763938,0.635794764583268,0.764164641328477,0.376924292072698,0.557600408006594
"354",-0.013049570407333,0.00169012068554821,0.999913422354282,0.140549429524689,0.211819852747056,0.974367246612833
"355",0.48243730972783,0.849099660311719,0.215137186560338,0.181670371521032,0.29418663097452,0.25693830448094
"356",0.744318216902255,0.313213230101655,0.589820196735188,0.659204508062097,-0.0186527154163689,0.70397205503158
"357",0.617411378598637,-0.615693246109739,0.489617214027227,0.32459921999286,-0.859858420646025,0.364223525921745
"358",0.799441860193413,-0.0834240710382745,0.594922798808296,0.592088168284627,-0.230193039045668,0.651657792326587
"359",0.274862599341542,-0.924881410485548,0.262764015842112,0.332165609792803,-1.06688461430453,0.0856057353287264
"360",0.970152367902225,-0.127271410206968,0.206413108105166,0.766404138331541,0.0336388289745836,0.294784957149844
"361",-0.138165105436949,-0.850735303895321,-0.507109304140372,-0.386526484090311,-0.91006208078437,-0.743908688258462
"362",0.505072307438833,0.60825719893683,-0.612311313140575,0.178530192686539,0.533612692510157,-0.670399564170808
"363",0.785840884024553,-0.355253892325965,0.506210210271148,0.427285441147584,-0.057863252518531,0.854099130311617
"364",0.938691039953541,-0.277304526082792,0.204844651687415,0.722979056644373,-0.804539827047305,0.118788831635502
"365",0.964784346647182,-0.109597118920758,-0.239122637968134,1.39073414760072,-0.127917619919623,-0.413478134257817
"366",0.545241537835557,0.236324975791256,-0.80427742181164,0.381333388717063,0.45217569310969,-0.657924061483942
"367",0.898436026324708,0.437504610553436,0.0374489298425998,0.62014386991822,0.706181475916154,-0.711326817727257
"368",0.392171260771102,0.156373933975852,0.906503665187362,0.0407948991790109,0.104910776421853,0.932000100871561
"369",0.916633635096162,-0.368759516713498,-0.154269886379759,0.878972713399251,-0.477162974828015,-0.102580086147258
"370",0.611219545924054,-0.787460794937739,0.0794742921731074,0.51271781781686,-0.833016741039774,0.665580849260197
"371",0.364477911158268,-0.0968359800872285,-0.926163400938653,0.427495241095238,-0.204605648331843,-1.06638317183452
"372",0.957062917468336,0.179758234813794,-0.227414927002661,0.886386308035346,0.0736058322058124,-0.427970270401151
"373",0.779805194536431,-0.477949282911588,0.40431218326721,0.996722097669976,-0.816404202019288,0.975670390328675
"374",0.956189917387732,-0.0440052418385589,0.289420767355716,1.13621269770965,-0.0931539790841127,0.381231605565588
"375",0.670757477644819,-0.663625692304679,0.331187781623502,0.93477487799695,-0.60509665810284,0.329721292325809
"376",0.992271856937407,-0.00550797302331142,-0.123960575035628,1.05314737203201,-0.144809546528089,0.004058727821491
"377",0.989386045802922,0.0853788197882738,-0.117582777233827,1.26797671132075,-0.192952498945284,-0.229428833367004
"378",0.814714399947743,-0.0796476865734376,-0.574366340014183,0.795576221516523,-0.487306543038496,-0.877124450587317
"379",0.971359249800707,-0.106791252678512,-0.212265956238775,1.2045905132883,-0.203747223043691,-0.0195275010374853
"380",0.371224017711456,0.896312387180997,0.242521820173088,0.331728583044169,1.3269703913399,0.264774037519738
"381",0.70625685953776,0.394535371068392,0.587829132768858,0.535879480837108,0.254910296028182,0.563099734349886
"382",0.671542674948905,0.61624993076509,-0.411420051230481,0.36651740209262,0.457084719243268,-0.740351241279601
"383",0.815054220691313,-0.57787971314395,0.0417331339578447,0.637825972785221,0.117467070320014,-0.1571710142156
"384",0.986573843489562,0.108751371553325,-0.121840840966825,0.799403944029201,-0.380562597545039,-0.00124565161399304
"385",0.530704956981786,0.516131636698994,-0.672279987976273,0.674724338518453,0.551763610788744,-0.910187541003405
"386",0.389466370000232,-0.0147128462177096,-0.920923166607843,0.376441504017491,0.151411853513195,-0.796039017946584
"387",0.118748723556113,-0.794947696933673,0.594942770183521,-0.0388355698427561,-0.914604570054902,0.905481137913094
"388",0.443066776324039,0.103915604046739,-0.890445606959474,0.218482759946353,0.399837999827232,-0.653625649832571
"389",0.245907565154122,-0.800061430966474,0.547203048310085,0.624079034033442,-0.598702108135871,0.215015847710134
"390",0.843203495208574,-0.507621351657991,-0.176998387023607,0.784016172019923,-0.494291912182905,-0.145259190106131
"391",0.626699125775988,0.765076320617613,-0.148008207143483,0.314498270376888,0.473239716805262,-0.145529361524595
"392",0.900973244625159,0.392957043224601,0.183934702135819,0.793470910528779,0.473794582191481,0.410175181714229
"393",0.44492161261723,0.397596761797,-0.802472163775556,0.468246471734158,0.317401006188462,-0.706668041867993
"394",0.885762100268145,0.184008088488532,0.426106236869822,1.09402237244576,-0.0374794775367457,0.0989987263153079
"395",0.901764306780339,-0.0664820264834311,-0.427084622963214,0.88053118725062,-0.0286624835239204,-0.511674468396293
"396",0.815305454169913,-0.578963383767302,0.00885531803537281,0.843268713922977,-0.434122515755942,0.290652434979468
"397",0.394296690112804,0.710476587790259,0.582883468943835,0.134437704400561,0.690684881246141,0.81656594985961
"398",0.688121987870625,0.0206975197292885,-0.725299760434288,0.887227691250857,0.232889428555579,-0.267650783074276
"399",0.155214518022574,-0.0803609354641039,0.984606811598597,0.180190362062063,-0.708119307247196,0.739423646643688
"400",0.786342986531971,0.512953391211135,0.344301504465165,0.970582924829674,0.697572669805479,0.176615249399658
"401",0.387971852753649,0.338754926490747,0.8571598107991,0.774692186357717,0.196006355162701,0.763577580040617
"402",0.297207790956416,0.945996763916294,-0.129451348601345,0.34193803392226,1.0176315180068,0.119387108433405
"403",0.905639099220957,-0.385923521440887,-0.175729501111564,0.835002451310148,-0.0990185574690337,-0.150193623906231
"404",0.708616869887873,-0.189356028434533,0.67971054589863,0.5167921752441,-0.154466352916264,1.05044647783198
"405",0.872091705175212,-0.248939212217484,-0.421290073921911,0.727990645114432,-0.226707560017794,-0.281277903208169
"406",0.747070795733623,-0.191520160791186,0.636557345549047,0.518356835733433,-0.849059990039477,0.672170085280568
"407",0.877593269014443,-0.219349947304228,-0.426281192170352,0.970071009336287,-0.523655155334692,0.0311367411178685
"408",0.968204798337458,-0.193772814600154,-0.158213668177746,0.601283707512035,-0.00648466988760832,-0.0286142180493858
"409",0.50694727114687,0.729062938754437,-0.459860517561017,0.0706067765448492,0.375079707726346,-0.286891952080427
"410",0.723475301032732,-0.363857128161224,0.586678343798256,0.556629850052367,-0.391952793620642,0.593680852755746
"411",0.964605639555314,-0.255897695707076,-0.0636579097197857,1.23567539117583,-0.179889694196351,-0.104919197387258
"412",0.863496143880778,0.402226933782296,0.304282604240069,0.894204054238819,0.313723732545284,0.124023841439682
"413",0.406256066296664,0.379531320089812,0.831211155885221,0.282693717608389,0.166720697707449,0.51075360020818
"414",0.865373785779822,-0.490672882731814,-0.101825011842621,1.03277083175845,-0.855966151524155,-0.157537217048942
"415",0.354865216591111,-0.125299615945554,-0.926482964925767,0.266995503257379,-0.0592366543920868,-0.919653269998301
"416",0.852763065957597,0.311092729094127,0.419543164934632,0.824017965737327,-0.16574675691019,0.876450123296893
"417",0.770712646289251,0.623128147303117,0.133091430559615,0.788959381739581,0.391820330745453,0.427694409152887
"418",0.883272684500734,-0.149610814710028,-0.444348927011948,1.15546633763898,-0.177503637946218,-0.533426713243214
"419",0.57719294174686,-0.8162507875399,-0.0241445612529794,0.900335126363295,-1.05755939389807,0.209304096221881
"420",0.111926353943769,0.244680520702647,-0.963121972587863,0.432554177468533,0.203955789739304,-1.23445677561688
"421",0.506303005602739,0.721175541852295,-0.472824602100697,0.751067035176403,0.936221555588371,-0.442872993030934
"422",0.0178203561071874,-0.00915463299853526,-0.99979929365992,0.10018780196446,-0.00462993925420754,-0.881859168723149
"423",0.97203872701951,-0.042279417982209,-0.230983038315317,1.44194765645289,-0.00796380402308156,-0.655330128806342
"424",0.279842349606535,-0.670493906955223,0.687114386476236,0.790567107369374,-0.270772389143229,0.985290831674785
"425",0.891904874975306,0.356860734729084,-0.277769886783831,1.22404896813034,0.329035522558971,-0.449719917416968
"426",0.386313675266012,0.717901996411962,0.579118699275187,0.331396514331869,0.78926596480349,0.126504581357336
"427",0.359086192375515,-0.694794841062125,0.623151053339967,0.0990743344876892,-1.19077231507881,0.312476415617673
"428",0.86048741769078,-0.49358367992321,0.126240068557154,0.908724863368063,-0.485898625396367,-0.366448733081636
"429",0.738283830792336,-0.337107142859516,-0.584205237415489,0.599474767822525,-0.527108364425064,-0.687214403766638
"430",0.874646172726528,-0.427939347125533,-0.227732272013891,0.943393895189369,-0.733942651504475,-0.0212812567116899
"431",0.180451834339393,-0.8365043751519,-0.517394980489063,0.0428234830679051,-0.585912712019055,-0.657784674080625
"432",0.77336601567527,0.268936608521495,-0.574088935963335,1.00368098894864,0.263551252806785,-0.880793256925556
"433",0.517112959451865,-0.848216791813587,0.114553311835145,1.06447695754498,-0.61188645699253,0.0311573206480138
"434",-0.0339962209190685,0.000567776197398267,0.999421800139166,0.207002476601552,-0.226555027851904,1.00096542890311
"435",0.795192770910303,0.332591550969203,-0.507002285316245,0.980647389978467,-0.267959005749982,-0.445362415017438
"436",0.120361327534379,-0.0160300925486786,-0.992600718802401,0.129700468774245,0.0247044193330278,-0.880708740439984
"437",0.827012172123535,0.560830107459167,-0.0389930471603745,1.37222059368222,0.796632340117806,-0.100247531546793
"438",0.617478965320379,-0.0106086418385828,0.786515851146825,0.597582664443512,0.625542573219195,0.767407502509443
"439",0.88062023976422,-0.406717872695283,0.243081396548214,1.22469399697012,-0.184920139321945,0.523843773822934
"440",0.736899251639625,0.339562990479531,0.584530981582293,1.1307284208373,0.604672182101009,0.979718571661113
"441",0.957924381413571,-0.285669906490834,0.0278133784166222,0.998018626015557,-0.439606878741051,-0.179151953379934
"442",0.339237764413017,0.833312128296914,-0.436472949939999,-0.474067253812716,0.921525848651048,-0.313670036907419
"443",0.837046308753871,-0.0102110898778844,-0.547036754382212,0.754563686925445,-0.129043121955003,-0.54239251012733
"444",0.831680870798301,0.532753613879132,-0.156462506840788,0.945953327213949,0.638267706332551,0.173774539522924
"445",0.803974207763192,0.110886714537204,0.58423420799427,0.477948268404597,-0.185003074018146,0.816791892071592
"446",-0.363619414125022,-0.774943625158191,-0.51695580033312,-0.686412773836327,-0.870881021031215,-0.247901764226914
"447",0.379864887313504,-0.49130503057503,-0.783786982743377,0.606459820230685,-0.85622148199824,-0.858854636101625
"448",0.0637368833793293,-0.0185571634983276,-0.997794187886453,-0.635253490423477,-0.00711385738209364,-0.736609031622819
"449",0.934298562131877,0.149047760075252,0.323837863775774,0.992688704961953,0.262161788533038,0.501123141377128
"450",0.00546078472647613,-0.950247566372335,-0.31144781654978,-0.061798199935814,-0.935856098778221,-0.628799682426564
"451",0.559267867813899,0.418540760458265,-0.715571857933158,0.394631604059613,0.258867297171096,-0.948593291542896
"452",0.916801867027061,-0.39171450944507,0.0776793389898682,0.932638315294706,-0.451384839021435,0.42108113781484
"453",0.822852005803873,-0.452691189398134,-0.343489830396544,0.83647121557012,-0.863416844790345,-0.458753041675989
"454",0.50169954062716,-0.853181561170236,-0.142754315569145,0.56345187148632,-0.908825203909391,0.186169714898523
"455",0.561977241177906,-0.822274810128319,0.0896979209709261,0.592986128154346,-1.26616692281179,0.254431599077655
"456",0.992966925373927,0.0373853060434325,-0.112334429297032,0.859152750472025,0.0335188303472022,-0.380082143608312
"457",0.753570234410063,0.266805400444546,-0.600788465355976,0.818190882256553,0.704567119059272,-0.735535072396317
"458",0.162259557378217,-0.949174710089481,-0.269702068523723,0.509186774367605,-0.773123083701986,-0.594049105107354
"459",0.74550697345899,-0.591798304306388,0.306584604218966,0.912299585033911,-0.221543473252098,0.354142975571807
"460",0.0697286880753059,0.0260806869481364,0.997225003611326,0.443991051095478,0.364302664987942,0.112328513312606
"461",0.823041918185668,-0.256988584331961,0.506516404899496,0.754321817324741,-0.339478043248887,0.809365805203554
"462",0.123897605914309,0.992205462219336,0.0133305660350615,0.269666566756993,1.08308014734765,0.0860515210630265
"463",-0.0732098484407594,-0.0804073828902611,0.994069902405268,0.0526297831296968,-0.537323066168728,1.19776262175045
"464",0.0863260850788754,0.0362765390752443,-0.995606257386763,-0.0994858354149371,0.259720975088378,-1.0511914105177
"465",0.544866067692753,0.00177792771180101,0.838521202624053,0.340646671329288,-0.178003305852805,1.19722891343798
"466",0.701715111236505,0.132500305519348,0.70002826492908,1.169286031502,0.367627685475957,0.747430546084724
"467",0.500774301817041,-0.25537158702348,-0.827049243504136,0.293961040805475,-0.723160984759453,-1.0724461035473
"468",0.0983110342995136,0.0438493817538969,0.994189203449102,0.335989207695583,0.330600061049021,0.974613909875622
"469",0.484005057737517,0.735626210478858,-0.473912631759292,0.417461969972342,0.609878436761176,-0.248727191865429
"470",0.729606138810843,0.644812862500747,0.227796520085637,0.454835593386691,1.00128745458375,-0.133729676328311
"471",0.816623442840227,-0.493162641345361,-0.299861237550041,0.433069057071824,-0.497997630238073,-0.317730511380447
"472",0.391438174308104,-0.735091942144094,-0.553548545557806,0.0898607093996249,-0.894610373749018,-0.752584447840089
"473",0.799766348625588,-0.0586920573473242,0.597435377267226,0.31226003041076,0.0658756927506938,0.211075506483188
"474",0.852507490218035,0.258615199296946,0.454256709157662,0.63149748281008,0.244053515499283,0.978306768043381
"475",-0.259040889106186,-0.328132546166637,0.908419974415621,-0.0156893928057852,-0.484686740610437,0.950256499135729
"476",0.509731703693993,-0.617727152794749,0.598821137694146,0.364488874735125,-0.841382342985076,0.727345801580721
"477",0.939382840136174,0.233296723666716,-0.25126185222606,1.37357468551418,0.835811777402941,-0.219913171893812
"478",0.932158540484345,0.146597364510523,-0.331043302485739,0.888989710946041,-0.0908144481325143,-0.726355250137558
"479",0.150114719990143,0.15382920378364,-0.976627947022597,-0.0843834129471225,0.293617078926148,-0.958367756967411
"480",0.998894497256395,-0.0186267258286117,-0.0431604962413449,0.927746082308133,-0.071480398248507,0.293763737847857
"481",0.925408244560637,-0.225180841936207,-0.304816615892411,0.778153719143896,-0.479644542388089,0.0390332739718326
"482",0.71970313662525,-0.6924838789232,-0.049934682969411,0.608720280118022,-1.04003162623002,-0.179205015342901
"483",0.891529692692141,-0.321057181876213,0.319526357307126,0.906528836059448,-0.693214509159914,0.69848313451318
"484",0.851884754374987,-0.21020100437096,-0.47969563582016,0.87244299159129,-0.561712162752352,-0.104914203604402
"485",0.000490448877567018,0.952293586808625,-0.305183033576674,0.190089829799361,0.578234716255199,-0.101538791097064
"486",-0.0633219016669474,0.994250365437773,-0.0863513033841189,0.0715938460588873,1.16578684646329,0.330060831800821
"487",0.849950408243257,-0.0950485576490161,0.518218173374847,1.04411231987638,-0.154238965319223,0.771960347950093
"488",0.766354948924076,-0.641857323503492,0.0268191820253841,0.799397865092685,-0.142071716201501,0.158608218559921
"489",0.216788900008596,-0.839264918490645,-0.498635106489659,0.0150725750609108,-0.680955247766756,-0.984869107575823
"490",0.846965337055194,0.303252809973975,-0.436677742814847,0.959302858501842,0.715302196700923,-0.264600178440924
"491",0.707686575444049,-0.631481479838873,0.316876713497191,0.810846939652336,-0.505801818991452,0.335959567971327
"492",0.0401469752006285,0.900854064152498,0.432261697912466,-0.0607565370773682,1.11222091724155,0.222886793073334
"493",0.7817994060626,-0.525310802335997,-0.335914050955415,0.684777336693245,-0.40849895340369,-0.373460816305524
"494",0.762272659400852,0.056683319619995,-0.644769256406359,1.03606959636092,-0.0438304463041614,-0.893822639562726
"495",-0.824799943618642,0.559623915431197,-0.0807844433300272,-0.489679932855359,0.790505591244546,0.223365590016912
"496",0.721822816465772,-0.660154174999641,0.207769792943931,0.750424203134684,-0.662168085177586,0.164810970571502
"497",0.814370810778776,0.169723161850843,0.554972279382377,0.716304655708371,0.428169221254406,0.221482284240129
"498",0.710039363653791,-0.647623887047823,0.276455065041659,1.12312882445318,-0.847405632479498,0.31184524500647
"499",0.533512149411113,0.126184679180229,0.836326618714792,0.222587747217461,0.377242934418563,0.513473854702797
"500",0.745672283811085,-0.492153285493536,0.449174786395985,0.517690816116196,-0.570146624541708,0.116052987821423
